{"loss": [1.306962490081787, 1.201134443283081, 1.0896048545837402, 0.9961098432540894, 0.9174433350563049, 0.846726655960083, 0.8425548672676086, 0.8074045181274414, 0.7125750184059143, 0.6979160308837891, 0.6815750002861023, 0.6488332748413086, 0.6143869757652283, 0.5926515460014343, 0.5910996794700623, 0.575671911239624, 0.5722365975379944, 0.5838515758514404, 0.5409031510353088, 0.5382180213928223, 0.5458022952079773, 0.5210154056549072, 0.5126400589942932, 0.500663697719574, 0.4671238660812378, 0.477448046207428, 0.48246055841445923, 0.494724839925766, 0.4115431010723114, 0.46327757835388184, 0.4207274615764618, 0.429485559463501, 0.4280882775783539, 0.40886637568473816, 0.43886879086494446, 0.40215879678726196, 0.3946950137615204, 0.39323920011520386, 0.37634849548339844, 0.4079517424106598, 0.4111427664756775, 0.39641568064689636, 0.37264204025268555, 0.34569576382637024, 0.3843272030353546, 0.3610328733921051, 0.3472136855125427, 0.34593328833580017, 0.34435439109802246, 0.3214479088783264, 0.36730459332466125, 0.3393113315105438, 0.3359958231449127, 0.300203800201416, 0.3004606366157532, 0.30206218361854553, 0.33482468128204346, 0.3341616094112396, 0.3017708659172058, 0.30268338322639465, 0.30107980966567993, 0.314553827047348, 0.3018043041229248, 0.30249103903770447, 0.2659732401371002, 0.29507631063461304, 0.2791701555252075, 0.24625907838344574, 0.2701679468154907, 0.26473110914230347, 0.26377150416374207, 0.24687722325325012, 0.2475544959306717, 0.2683814764022827, 0.2420647144317627, 0.2494308203458786, 0.2662481963634491, 0.2452630251646042, 0.2343250960111618, 0.24367713928222656, 0.24454517662525177, 0.22333981096744537, 0.23981180787086487, 0.24123451113700867, 0.20102816820144653, 0.22619347274303436, 0.22576476633548737, 0.20917506515979767, 0.21267318725585938, 0.18739990890026093, 0.19921395182609558, 0.1805458515882492, 0.20255489647388458, 0.21305829286575317, 0.19229400157928467, 0.17703527212142944, 0.20817720890045166, 0.1843627393245697, 0.1927298903465271, 0.2024344652891159], "accuracy": [0.40125787258148193, 0.46037736535072327, 0.5231249928474426, 0.5647798776626587, 0.612500011920929, 0.637499988079071, 0.643750011920929, 0.6704402565956116, 0.7206249833106995, 0.7119497060775757, 0.7138364911079407, 0.7440251708030701, 0.749685525894165, 0.7566037774085999, 0.7704402804374695, 0.7679245471954346, 0.7723270654678345, 0.7537500262260437, 0.7799999713897705, 0.7950000166893005, 0.7774999737739563, 0.7987421154975891, 0.7975000143051147, 0.799371063709259, 0.8199999928474426, 0.8176100850105286, 0.796226441860199, 0.8118749856948853, 0.8276729583740234, 0.8245282769203186, 0.8389937281608582, 0.8268749713897705, 0.8345912098884583, 0.8443750143051147, 0.8243749737739563, 0.8389937281608582, 0.849056601524353, 0.8481249809265137, 0.8518750071525574, 0.8399999737739563, 0.8427672982215881, 0.862500011920929, 0.8591194748878479, 0.8591194748878479, 0.8503144383430481, 0.8612499833106995, 0.8647798895835876, 0.8679245114326477, 0.8706250190734863, 0.8805031180381775, 0.8622641563415527, 0.8691824078559875, 0.8748427629470825, 0.8837500214576721, 0.8773584961891174, 0.8881250023841858, 0.875, 0.8754717111587524, 0.8793749809265137, 0.8842767477035522, 0.8811320662498474, 0.8729559779167175, 0.8855345845222473, 0.8768749833106995, 0.8981131911277771, 0.8905660510063171, 0.897484302520752, 0.904402494430542, 0.9012578725814819, 0.9018868207931519, 0.8949999809265137, 0.9018868207931519, 0.8987500071525574, 0.8993710875511169, 0.9081761240959167, 0.9056603908538818, 0.8993710875511169, 0.903124988079071, 0.9132075309753418, 0.9113207459449768, 0.9056249856948853, 0.9213836193084717, 0.904402494430542, 0.9162499904632568, 0.921875, 0.9162499904632568, 0.9119496941566467, 0.918749988079071, 0.9156249761581421, 0.9268749952316284, 0.9238993525505066, 0.9350000023841858, 0.9225000143051147, 0.9251572489738464, 0.9245283007621765, 0.9443749785423279, 0.9193750023841858, 0.9345911741256714, 0.9327043890953064, 0.9257861375808716], "val_loss": [1.511411428451538], "val_accuracy": [0.24365481734275818]}